title,work expeirence,salary,region
Backend-разработчик (Python),1–3 года,от 80 000 до 170 000 руб. на руки,Бишкек
Разработчик C++ (релокация в Dubai),3–6 лет,от 6 000 до 8 000 USD на руки,эмират Дубай
Python разработчик (backend),1–3 года,з/п не указана,Екатеринбург
Разработчик Solidity/Разработчик Rust/Разработчик Go/Разработчик python(удаленно),3–6 лет,от 600 000 руб. на руки,Москва
Python Разработчик,1–3 года,от 200 000 до 1 500 000 KZT на руки,Астана
Разработчик C# / Python,3–6 лет,от 300 000 до 500 000 руб. на руки,Москва
Python разработчик,3–6 лет,от 160 000 до 200 000 руб. на руки,Москва
Python разработчик,1–3 года,от 50 000 до 150 000 руб. до вычета налогов,Екатеринбург
Python developer (Senior),3–6 лет,от 360 000 до 480 000 руб. на руки,Санкт-Петербург
Разработчик (Backend developer / Python),1–3 года,от 100 000 до 150 000 руб. на руки,Тюмень
Python developer (Middle),3–6 лет,от 300 000 до 360 000 руб. на руки,Санкт-Петербург
"Программист Python, удаленно",1–3 года,от 170 000 руб. на руки,Москва
Middle Разработчик Python на платежную платформу,1–3 года,от 36 000 000 сум на руки,Ташкент
Python-разработчик (Junior+),1–3 года,от 80 000 до 120 000 руб. на руки,Санкт-Петербург
Разработчик Python (backend),3–6 лет,от 200 000 до 350 000 руб. до вычета налогов,Москва
Python developer,1–3 года,от 40 000 до 120 000 руб. на руки,Уфа
Python-разработчик в «Госуслуги.Культуру»,3–6 лет,от 180 000 до 300 000 руб. до вычета налогов,Москва
Разработчик Python,3–6 лет,от 110 000 руб. на руки,Долгопрудный
Python разработчик,3–6 лет,от 230 000 руб. на руки,Москва
Python разработчик,1–3 года,от 150 000 руб. на руки,Москва
Python (Junior) разработчик,не требуется,з/п не указана,Минск
Разработчик Python,3–6 лет,до 300 000 руб. до вычета налогов,Санкт-Петербург
Junior разработчик нейросетевых алгоритмов / Reinforcement Learning,1–3 года,от 60 000 до 100 000 руб. до вычета налогов,Москва
Full-stack Python Developer,3–6 лет,от 4 500 до 5 000 EUR на руки,Армения
Разработчик Python,более 6 лет,от 270 000 руб. до вычета налогов,Москва
Разработчик Python/Django (Middle),3–6 лет,от 150 000 до 200 000 руб. на руки,Москва
Python разработчик,3–6 лет,от 90 000 руб. на руки,Новосибирск
Python Developer (Middle/Senior),3–6 лет,от 2 000 до 4 000 USD на руки,Алматы
Backend разработчик python,3–6 лет,от 100 000 до 160 000 руб. на руки,Москва
Разработчик Python (Senior/Principal),3–6 лет,от 200 000 до 350 000 руб. на руки,Екатеринбург
Backend-разработчик (Python),3–6 лет,от 300 000 до 800 000 KZT на руки,Астана
Разработчик Python,1–3 года,з/п не указана,Иркутск
Python-разработчик (backend),1–3 года,з/п не указана,Москва
Python Developer,3–6 лет,з/п не указана,Ростов-на-Дону
Junior Python разработчик,1–3 года,з/п не указана,Санкт-Петербург
Разработчик Python,не требуется,от 30 000 до 80 000 руб. на руки,Ростов-на-Дону
Python developer (backend),3–6 лет,з/п не указана,Ташкент
Python-разработчик систем сбора,1–3 года,от 100 000 до 150 000 руб. на руки,Москва
Python backend/desktop разработчик,1–3 года,з/п не указана,Москва
Phyton-разработчик / Backend-разработчик,3–6 лет,от 200 000 руб. до вычета налогов,Москва
Python-разработчик систем сбора,1–3 года,от 100 000 до 150 000 руб. на руки,Москва
Python Developer,1–3 года,з/п не указана,Севастополь
Backend разработчик Python (Django),3–6 лет,з/п не указана,Москва
Python разработчик в CM.Expert (Яндекс Вертикали),3–6 лет,з/п не указана,Алматы
Low-code developer (Python) внедрение кросплатформенных приложений на базе платформы,1–3 года,от 60 000 руб. на руки,Москва
Инженер-программист (Python developer),1–3 года,з/п не указана,Самара
Backend разработчик,1–3 года,от 120 000 до 220 000 руб. на руки,Москва
Python разработчик,1–3 года,з/п не указана,Москва
Python Developer,3–6 лет,з/п не указана,Москва
"Junior программист (SQL, VBA, Python)",1–3 года,з/п не указана,Москва
Python Developer (Middle/Senior),3–6 лет,от 2 000 до 4 000 USD на руки,Бишкек
Data Analyst (middle/senior),3–6 лет,от 2 500 до 3 500 USD на руки,Тбилиси
Python-разработчик,3–6 лет,з/п не указана,Москва
Разработчик Python,1–3 года,з/п не указана,Санкт-Петербург
Python-разработчик в R&D отдел,1–3 года,от 100 000 до 150 000 руб. на руки,Москва
Full-stack Python Developer,3–6 лет,от 4 500 до 5 000 EUR на руки,Латвия
Python разработчик,1–3 года,з/п не указана,Москва
Backend-разработчик (Python),1–3 года,з/п не указана,Алматы
Программист Python,1–3 года,з/п не указана,Москва
Python-разработчик,3–6 лет,з/п не указана,Москва
Python/С++ разработчик,3–6 лет,от 105 000 до 215 000 руб. до вычета налогов,Новосибирск
Senior Python разработчик,3–6 лет,от 250 000 до 300 000 руб. на руки,Москва
Разработчик на языке Питон (Python middle developer),3–6 лет,от 80 000 до 120 000 руб. на руки,Новосибирск
Руководитель веб-разработки на Python,3–6 лет,от 150 000 до 250 000 руб. на руки,Москва
Python-разработчик,1–3 года,з/п не указана,Чебоксары
Fullstack developer (Python + JS),3–6 лет,до 400 000 руб. на руки,Москва
Quantitative Developer,1–3 года,от 400 000 руб. на руки,Москва
Python Developer,1–3 года,з/п не указана,Минск
Разработчик гиперконвергентной инфраструктуры (Python),3–6 лет,з/п не указана,Москва
Ведущий программист Python,3–6 лет,от 240 000 руб. до вычета налогов,Уфа
Data Science разработчик,3–6 лет,з/п не указана,Санкт-Петербург
Программист Python (мониторинг инфраструктуры),1–3 года,з/п не указана,Москва
Backend разработчик,1–3 года,до 90 000 руб. до вычета налогов,Ижевск
Middle + / Senior Python разработчик,1–3 года,от 200 000 руб. на руки,Москва
Fullstack-разработчик (JS+Python),3–6 лет,до 300 000 руб. до вычета налогов,Москва
Разработчик Python,1–3 года,з/п не указана,Владимир
Python разработчик,3–6 лет,з/п не указана,Москва
Разработчик Python + Java / Backend Developer,3–6 лет,от 110 000 руб. на руки,Пермь
Программист Python,1–3 года,до 150 000 руб. на руки,Волгоград
Fullstack-разработчик (JS+Python),3–6 лет,з/п не указана,Москва
"Backend Developer (Python, DDoS)",3–6 лет,з/п не указана,Москва
Разработчик Python,3–6 лет,з/п не указана,Москва
Middle Python разработчик (Django),1–3 года,от 160 000 до 240 000 руб. до вычета налогов,Краснодар
Senior Python Developer,3–6 лет,от 3 000 до 5 000 USD до вычета налогов,Астана
Backend разработчик (Python),1–3 года,от 150 000 руб. до вычета налогов,Иркутск
Python Developer в команду тестирования/Remote,3–6 лет,з/п не указана,Санкт-Петербург
Middle Python developer / Разработчик Python,3–6 лет,з/п не указана,Москва
Программист-разработчик ботов,3–6 лет,от 100 000 руб. на руки,Москва
Python developer,1–3 года,до 100 000 руб. на руки,Екатеринбург
Python Developer (Remote),3–6 лет,от 200 000 до 350 000 руб. на руки,Санкт-Петербург
Middle Python-разработчик,1–3 года,з/п не указана,Москва
Стажер-разработчик (Machine Learning),не требуется,з/п не указана,Москва
Программист Python (Middle+),более 6 лет,з/п не указана,Москва
Python - разработчик,1–3 года,от 100 000 руб. до вычета налогов,Казань
Python разработчик,1–3 года,от 120 000 руб. на руки,Москва
Middle Python developer,3–6 лет,от 150 000 до 200 000 руб. на руки,Москва
Программист Python,3–6 лет,з/п не указана,Москва
Full-Stack Developer (Vue/Django),1–3 года,от 50 000 руб. до вычета налогов,Москва
Python разработчик,1–3 года,з/п не указана,Москва
Разработчик ETL/Airflow/Python (RWA),3–6 лет,з/п не указана,Москва
Senior Backend Python Developer Audiogramm (MTS AI),3–6 лет,от 250 000 руб. на руки,Москва
"Fullstack разработчик (Python, JavaScript)",3–6 лет,от 150 000 до 200 000 руб. на руки,Москва
Middle Python Developer,3–6 лет,з/п не указана,Калининград
Full-stack разработчик (Python/JS),3–6 лет,до 220 000 руб. на руки,Москва
Ведущий разработчик Python,3–6 лет,з/п не указана,Москва
Разработчик python (Middle/Senior),3–6 лет,з/п не указана,Москва
Python QA Automation Engineer,3–6 лет,от 100 000 до 150 000 руб. на руки,Санкт-Петербург
Python-разработчик (Middle/Senior),3–6 лет,от 120 000 до 190 000 руб. на руки,Самара
Программист-разработчик Python,3–6 лет,з/п не указана,Москва
Разработчик Python,3–6 лет,от 70 000 до 160 000 руб. на руки,Пермь
Python разработчик (Senior),3–6 лет,з/п не указана,Таганрог
Middle Python Developer,3–6 лет,от 150 000 до 250 000 руб. на руки,Москва
Senior Backend Python Developer со знанием С++ платформа анализа и синтеза речи (MTS AI),3–6 лет,от 250 000 руб. на руки,Москва
Python-разработчик,1–3 года,з/п не указана,Москва
Разработчик Python,1–3 года,до 250 000 руб. на руки,Москва
Senior Python разработчик,3–6 лет,от 200 000 руб. на руки,Москва
Python-разработчик,1–3 года,з/п не указана,Москва
Программист Python/С++,1–3 года,з/п не указана,Москва
Программист Python,1–3 года,от 80 000 до 130 000 руб. на руки,Санкт-Петербург
Senior/Программист Python,3–6 лет,от 180 000 руб. на руки,Санкт-Петербург
Программист Python,1–3 года,з/п не указана,Новосибирск
Python-developer (Кипр),3–6 лет,з/п не указана,Москва
Python Developer (DS Team),3–6 лет,з/п не указана,Москва
Python Developer,1–3 года,з/п не указана,Воронеж
Middle Python Developer,1–3 года,з/п не указана,Москва
Разработчик Back-end,3–6 лет,от 150 000 до 180 000 руб. до вычета налогов,Зеленоград
Python-разработчик,3–6 лет,от 120 000 до 150 000 руб. на руки,Москва
Middle/Senior Python Developer,3–6 лет,з/п не указана,Москва
Junior Python developer,1–3 года,до 50 000 руб. на руки,Набережные Челны
Разработчик программного обеспечения,1–3 года,от 100 000 до 200 000 руб. на руки,Новосибирск
Разработчик С++ / Python (HSM),3–6 лет,з/п не указана,Санкт-Петербург
Middle Python Developer (Flask/FastAPI),1–3 года,з/п не указана,Москва
Ведущий разработчик Python,3–6 лет,з/п не указана,Санкт-Петербург
ETL Developer AirFlow + Python,1–3 года,з/п не указана,Ростов-на-Дону
Backend разработчик,1–3 года,з/п не указана,Москва
Разработчик Python,3–6 лет,з/п не указана,Москва
Backend-разработчик Python/Django,3–6 лет,з/п не указана,Ростов-на-Дону
Middle backend developer,1–3 года,от 100 000 до 150 000 руб. на руки,Новосибирск
Программист Python,3–6 лет,з/п не указана,Москва
Senior Python developer,3–6 лет,з/п не указана,Ростов-на-Дону
Старший разработчик-python,3–6 лет,з/п не указана,Москва
Python Developer,1–3 года,до 280 000 руб. на руки,Москва
Python разработчик веб-сканера (информационная безопасность),3–6 лет,з/п не указана,Нижний Новгород
Middle Backend Engineer (Python),3–6 лет,от 150 000 до 250 000 руб. на руки,Санкт-Петербург
"Преподаватель курса ""Python-разработчик""",1–3 года,от 40 000 руб. на руки,Тюмень
Junior+ Python разработчик,1–3 года,от 80 000 до 120 000 руб. на руки,Красноярск
Senior Python разработчик,3–6 лет,з/п не указана,Москва
Senior Python developer,3–6 лет,з/п не указана,Ташкент
Руководитель группы разработки (Python),3–6 лет,з/п не указана,Москва
Python-разработчик,1–3 года,з/п не указана,Москва
Server Programmer (Python),1–3 года,з/п не указана,Санкт-Петербург
Python разработчик в CM.Expert (Яндекс Вертикали),3–6 лет,з/п не указана,Сербия
"Разработчик Python, C++",3–6 лет,з/п не указана,Москва
Senior Python разработчик,3–6 лет,з/п не указана,Москва
Разработчик Python,3–6 лет,з/п не указана,Москва
Разработчик С++ / Python (HSM),3–6 лет,з/п не указана,Москва
Разработчик Python Senior,3–6 лет,з/п не указана,Москва
Разработчик python (Middle/Senior),3–6 лет,з/п не указана,Новосибирск
Преподаватель Python (ООП),не требуется,до 120 000 руб. до вычета налогов,Москва
Automation QA (Python/ JavaScript),1–3 года,з/п не указана,Астана
Python разработчик (Team Lead) (PT CERT),более 6 лет,з/п не указана,Москва
Python Web Developer (Middle),1–3 года,от 100 000 руб. на руки,Владивосток
Python разработчик,1–3 года,з/п не указана,Киров (Кировская область)
Lead Python Developer,более 6 лет,з/п не указана,Москва
Инженер-программист группы разработки,3–6 лет,от 60 000 до 110 000 руб. до вычета налогов,Чистополь
Senior Python разработчик / Системный администратор,3–6 лет,з/п не указана,Москва
Python Developer (Senior/Middle),3–6 лет,от 2 000 USD на руки,Минск
Программист Python,1–3 года,з/п не указана,Владивосток
Middle Python разработчик,1–3 года,з/п не указана,Москва
Software Engineer,1–3 года,от 250 000 до 350 000 руб. на руки,Москва
Backend-разработчик (Python/Django),1–3 года,з/п не указана,Краснодар
Разработчик на Python,1–3 года,з/п не указана,Москва
Разработчик Python,более 6 лет,з/п не указана,Москва
"Программист Backend в Технический блок (Python, SQL)",3–6 лет,з/п не указана,Алматы
"Python Backend Engineer, Remote",3–6 лет,от 4 000 до 5 000 EUR на руки,Москва
"Python/Erlang-разработчик (middle, дистанционно)",1–3 года,з/п не указана,Москва
Backend Python программист,1–3 года,з/п не указана,Белгород
Junior DevOPS Engineer (OnPrem Team),не требуется,з/п не указана,Санкт-Петербург
Python Developer (Lead/Senior),3–6 лет,з/п не указана,Минск
Senior Python разработчик,3–6 лет,з/п не указана,Москва
Middle/Senior Python Developer,3–6 лет,з/п не указана,Москва
Системный программист,3–6 лет,от 83 000 руб. до вычета налогов,Казань
Python developer (Middle/Senior),1–3 года,з/п не указана,Санкт-Петербург
Python разработчик веб-сканера (информационная безопасность),3–6 лет,з/п не указана,Самара
Программист Python,1–3 года,з/п не указана,Санкт-Петербург
Python-developer,1–3 года,от 100 000 до 215 000 руб. до вычета налогов,Санкт-Петербург
Python Разработчик / Fastapi (удаленно),3–6 лет,з/п не указана,Москва
Python разработчик,1–3 года,от 50 000 руб. до вычета налогов,Йошкар-Ола
Python Middle+ разработчик,3–6 лет,з/п не указана,Санкт-Петербург
Python backend developer (middle),1–3 года,до 200 000 руб. на руки,Москва
Senior python developer на продукт Golden Record (Big Data),3–6 лет,з/п не указана,Москва
Программист,1–3 года,з/п не указана,Минск
Middle / Senior Python/Go developer,3–6 лет,от 80 000 до 200 000 руб. на руки,Ульяновск
Middle Python|Django|FastAPI разработчик,1–3 года,з/п не указана,Алматы
Разработчик Python,3–6 лет,з/п не указана,Саратов
Middle Python Developer,не требуется,от 200 000 руб. до вычета налогов,Екатеринбург
Backend разработчик Python midlle,1–3 года,з/п не указана,Москва
Senior Data Scientist / ML Engineer,3–6 лет,з/п не указана,Москва
Senior backend разработчик Python,3–6 лет,з/п не указана,Алматы
Ведущий разработчик (Python/JavaScript),более 6 лет,от 280 000 до 350 000 руб. на руки,Москва
Разработчик backend (python),1–3 года,з/п не указана,Москва
Go разработчик со знаниями Python,1–3 года,до 1 000 000 KZT на руки,Алматы
Python разработчик [Цифровой водоканал],1–3 года,з/п не указана,Москва
Middle Python developer,3–6 лет,з/п не указана,Москва
Преподаватель Программирования Python (Yandex лицей),1–3 года,з/п не указана,Новосибирск
"Python Backend Engineer, Remote",3–6 лет,от 4 000 до 5 000 EUR на руки,Санкт-Петербург
Разработчик Python (Рекламная платформа),1–3 года,з/п не указана,Москва
Python разработчик,1–3 года,з/п не указана,Москва
Python Back-end Разработчик / Python Back-end Developer,1–3 года,з/п не указана,Санкт-Петербург
Python Senior developer,3–6 лет,з/п не указана,Волгоград
Backend Developer,3–6 лет,з/п не указана,Москва
Senior/Lead Python-разработчик,3–6 лет,з/п не указана,Барнаул
Python Developer (Lead/Senior),3–6 лет,з/п не указана,Минск
Python разработчик,3–6 лет,з/п не указана,Москва
Разработчик Python (по написанию парсеров),3–6 лет,з/п не указана,Казань
Senior Python developer,3–6 лет,з/п не указана,Кишинёв
Программист,не требуется,от 30 000 руб. на руки,Екатеринбург
Системный программист (Linux),1–3 года,от 180 000 руб. на руки,Санкт-Петербург
Младший инженер машинного обучения / ML Engineer Junior,не требуется,з/п не указана,Санкт-Петербург
Python-разработчик в Яндекс Диск,3–6 лет,з/п не указана,Санкт-Петербург
Python Middle Backend Developer,1–3 года,от 210 000 до 230 000 руб. на руки,Москва
"Разработчик (JS, Python)",не требуется,з/п не указана,Москва
Middle Python Developer - разработчик Пайтон,1–3 года,от 180 000 до 210 000 руб. на руки,Москва
Python Developer (Extranet Team),1–3 года,з/п не указана,Москва
Junior Python разработчик,1–3 года,з/п не указана,Самара
Ментор курса по Python разработке,3–6 лет,от 100 000 до 120 000 руб. на руки,Санкт-Петербург
Senior Python developer (удаленно),3–6 лет,з/п не указана,Нижний Новгород
Senior/Lead Python-разработчик,3–6 лет,з/п не указана,Ижевск
Ведущий программист Python,3–6 лет,з/п не указана,Нижний Новгород
Программист Python NLP SpaCy,3–6 лет,от 200 000 руб. до вычета налогов,Москва
Python разработчик,3–6 лет,з/п не указана,Уфа
Senior/Lead Python-разработчик,3–6 лет,з/п не указана,Тюмень
Ведущий разработчик отдела интеграции (python),3–6 лет,з/п не указана,Москва
Middle Python Developer,1–3 года,з/п не указана,Санкт-Петербург
Middle Python Developer в команду контакт-центра сервиса путешествий,1–3 года,з/п не указана,Москва
Senior/Lead Python-разработчик,3–6 лет,з/п не указана,Ижевск
Преподаватель программирования в онлайн-школу для детей (удаленно),1–3 года,от 25 000 до 55 000 руб. на руки,Тюмень
Python разработчик в CM.Expert (Яндекс Вертикали),3–6 лет,з/п не указана,Астана
Программист Perl,1–3 года,от 150 000 руб. на руки,Санкт-Петербург
Pipeline developer / Пайплайн разработчик (Python),3–6 лет,з/п не указана,Москва
Senior Python developer,3–6 лет,з/п не указана,Ташкент
Middle Python-developer,1–3 года,з/п не указана,Тюмень
Senior Python developer,3–6 лет,з/п не указана,Астана
Python developer (Django),3–6 лет,з/п не указана,Санкт-Петербург
Web-разработчик,1–3 года,з/п не указана,Москва
Техлид/СТО/Fullstack developer на Python в стартап,1–3 года,от 100 000 до 250 000 руб. на руки,Москва
Middle Python Developer,1–3 года,от 150 000 до 180 000 руб. на руки,Москва
Инженер-Программист (отдела функционального тестирования Python + Selenium ),3–6 лет,от 150 000 руб. до вычета налогов,Москва
Программист Python,1–3 года,от 115 000 до 220 000 руб. до вычета налогов,Тюмень
Программист Python,3–6 лет,от 160 000 руб. до вычета налогов,Москва
Senior/Lead Python-разработчик,3–6 лет,з/п не указана,Иваново (Ивановская область)
Senior Python-разработчик,3–6 лет,до 400 000 руб. на руки,Москва
Ведущий разработчик Python,3–6 лет,от 240 000 руб. на руки,Москва
Python разработчик (проект Лаборатория измерительных систем),не требуется,з/п не указана,Вологда
Программист Python,1–3 года,з/п не указана,Екатеринбург
Программист-разработчик,1–3 года,з/п не указана,Пенза
"Разработчик С++/Python (middle), Linux, backend, embedded",1–3 года,от 120 000 до 180 000 руб. на руки,Армения
"Программист JavaScript, Python",1–3 года,от 60 000 руб. на руки,Краснодар
Python Developer (Django),3–6 лет,з/п не указана,Санкт-Петербург
Backend разработчик со знанием Python,3–6 лет,от 2 500 до 3 000 USD на руки,Алматы
Python разработчик в CM.Expert (Яндекс Вертикали),3–6 лет,з/п не указана,Армения
Middle Python developer,3–6 лет,от 130 000 KGS на руки,Бишкек
Разработчик Python,3–6 лет,з/п не указана,Москва
Senior Python developer,3–6 лет,з/п не указана,Москва
Программист Python,3–6 лет,до 50 000 000 сум на руки,Ташкент
Middle python developer,1–3 года,з/п не указана,Москва
Программист Python,не требуется,от 15 000 до 15 000 руб. на руки,Тюмень
Middle Python Developer,1–3 года,з/п не указана,Москва
Backend разработчик со знанием Python,3–6 лет,от 2 500 до 3 000 USD на руки,Ташкент
Python Middle Backend Developer (FastAPI) (Ижевск),1–3 года,з/п не указана,Ижевск
Python Developer (ML Engineer),1–3 года,з/п не указана,Санкт-Петербург
Python Developer,3–6 лет,з/п не указана,Санкт-Петербург
Программист Python,3–6 лет,з/п не указана,Москва
Инженер-программист (Python),1–3 года,от 50 000 руб. на руки,Архангельск
Python developer,1–3 года,з/п не указана,Новосибирск
Программист С++ (Middle / Senior),3–6 лет,от 180 000 руб. на руки,Москва
Backend Engineer (Python),3–6 лет,з/п не указана,Минск
Middle Python Developer (Atlassian),1–3 года,з/п не указана,Москва
Разработчик на Python в HR Tech,3–6 лет,з/п не указана,Владивосток
Инженер-программист (Python),1–3 года,от 50 000 руб. на руки,Великий Новгород
Senior Python-разработчик,3–6 лет,з/п не указана,город Лимасол
Backend разработчик python,3–6 лет,з/п не указана,Екатеринбург
Middle Backend Python Developer,1–3 года,з/п не указана,Москва
Backend разработчик python,3–6 лет,з/п не указана,Москва
Backend - разработчик Python (удаленная работа),3–6 лет,з/п не указана,Ижевск
Программист Python Middle/Senior/Lead,1–3 года,от 180 000 руб. на руки,Москва
Python Developer,3–6 лет,до 300 000 руб. на руки,Москва
Python + Go Developer (удаленно),1–3 года,от 160 000 руб. на руки,Баку
Python Web Developer,1–3 года,з/п не указана,Екатеринбург
Middle/Senior Python Developer,3–6 лет,до 300 000 руб. на руки,Москва
Senior Python разработчик (Intelligent Document Processing),3–6 лет,от 200 000 до 400 000 руб. на руки,Москва
Python разработчик,1–3 года,з/п не указана,Санкт-Петербург
Python developer (Django),3–6 лет,з/п не указана,Краснодар
Python developer (Django),3–6 лет,з/п не указана,Москва
Ведущий Python-developer,3–6 лет,от 231 000 до 380 000 руб. до вычета налогов,Казань
Middle Python-разработчик,1–3 года,з/п не указана,Бишкек
Разработчик - геофизик (python),1–3 года,з/п не указана,Санкт-Петербург
"Python developer (преподаватель курсов ""Программирование на Python"")",1–3 года,з/п не указана,Минск
Python Team Lead,3–6 лет,з/п не указана,Москва
Backend разработчик со знанием Python,3–6 лет,от 2 500 до 3 000 USD на руки,Бишкек
Математик - программист,1–3 года,з/п не указана,Москва
Программист Python Senior,3–6 лет,з/п не указана,Москва
Middle/Senior Python-разработчик в команду Добычи данных,более 6 лет,з/п не указана,Нижний Новгород
Backend developer,1–3 года,от 80 000 до 120 000 руб. на руки,Новосибирск
Ведущий разработчик Python,3–6 лет,з/п не указана,Москва
"Аналитик-разработчик (SQL, Python)",1–3 года,от 132 000 до 132 000 руб. до вычета налогов,Санкт-Петербург
Python Developer,1–3 года,з/п не указана,Москва
Python Developer (Data направление),1–3 года,от 150 000 руб. на руки,Москва
Python Developer,3–6 лет,з/п не указана,Алматы
Python backend Middle/Senior developer,3–6 лет,з/п не указана,Брянск
Разработчик СУБД (C/Python),3–6 лет,з/п не указана,Москва
Back-end developer,1–3 года,от 600 000 до 750 000 KZT на руки,Алматы
"Преподаватель по программированию (Python, С++, Java)",1–3 года,от 150 000 до 250 000 KZT на руки,Атырау
Python разработчик в CM.Expert (Яндекс Вертикали),3–6 лет,з/п не указана,Москва
Python Developer (Data направление),1–3 года,от 150 000 руб. на руки,Санкт-Петербург
Python разработчик в CM.Expert (Яндекс Вертикали),3–6 лет,з/п не указана,Санкт-Петербург
Senior Python developer,3–6 лет,з/п не указана,Москва
Программист Python / Senior / Lead,3–6 лет,з/п не указана,Санкт-Петербург
Backend developer (Python),1–3 года,з/п не указана,Томск
Программист,1–3 года,з/п не указана,Пыть-Ях
Middle\ Senior Python developer,3–6 лет,до 200 000 руб. до вычета налогов,Москва
Python Developer (Middle/Senior),3–6 лет,от 2 000 до 4 000 USD до вычета налогов,Каспи
Middle Python developer,3–6 лет,з/п не указана,Москва
Python Developer (Middle/Senior),3–6 лет,от 2 000 до 4 000 USD до вычета налогов,Батуми
Python Developer (Partners),3–6 лет,з/п не указана,Москва
Python разработчик (middle/senior) в on-lin кинотеатр KION,1–3 года,з/п не указана,Москва
Инженер-программист,не требуется,от 60 000 до 80 000 руб. до вычета налогов,Москва
Наставник на курс “Асинхронное программирование на Python”,3–6 лет,з/п не указана,Москва
Middle Python backend developer (ML Space AI Cloud),1–3 года,з/п не указана,Москва
,,,
Senior Python Developer,3–6 лет,от 5 000 до 5 500 USD на руки,Алматы
Middle Python Developer,3–6 лет,от 4 000 до 4 000 USD на руки,Санкт-Петербург
TechLead / Senior Python Developer,3–6 лет,з/п не указана,Москва
Middle/Senior Python-разработчик в команду Добычи данных,более 6 лет,з/п не указана,Новосибирск
Код-ревьюер на курс “Асинхронное программирование на Python”,3–6 лет,з/п не указана,Москва
Teamlead Backend (Python),1–3 года,з/п не указана,Москва
Преподаватель программирования,3–6 лет,от 180 000 до 280 000 KZT на руки,Алматы
Преподаватель курса DEV-PYWEB (Разработка WEB приложений на языке Python),1–3 года,з/п не указана,Санкт-Петербург
Full-Stack Django разработчик,1–3 года,до 40 000 руб. до вычета налогов,Москва
Middle/Senior Python-разработчик в команду Добычи данных,более 6 лет,з/п не указана,Краснодар
Team Lead/Senior Python Developer (remote),3–6 лет,от 300 000 руб. на руки,Москва
Backend разработчик,3–6 лет,от 2 500 до 3 000 USD на руки,Минск
Senior Python Developer (удаленно),3–6 лет,з/п не указана,Москва
QA automation engineer (Python),1–3 года,з/п не указана,Саратов
Senior Python Developer (Extranet Team),3–6 лет,з/п не указана,Москва
Senior/Lead Python-разработчик,3–6 лет,з/п не указана,Новосибирск
Senior/Lead Python-разработчик,3–6 лет,з/п не указана,Санкт-Петербург
Преподаватель курсов «Программирование на языке Python»,3–6 лет,з/п не указана,Москва
Senior Python Developer,более 6 лет,з/п не указана,Москва
TeamLead / руководитель команды разработки (Python),3–6 лет,з/п не указана,Москва
QA-инженер в отделе разработки СУБД (Postgres Pro),1–3 года,до 240 000 руб. на руки,Москва
Senior/Lead Python-разработчик,3–6 лет,з/п не указана,Самара
Senior/Lead Python-разработчик,3–6 лет,з/п не указана,Нижний Новгород
Senior/Lead Python-разработчик,3–6 лет,з/п не указана,Омск
Python - разработчик (ALM 2.0 Динамическое моделирование баланса),1–3 года,з/п не указана,Москва
Senior Software engineer (Python),более 6 лет,з/п не указана,Москва
"Автор-лектор на курс Разработчик ""Автоматизация тестирования на Python""",1–3 года,з/п не указана,Москва
Middle Django Developer,1–3 года,от 120 000 до 220 000 руб. до вычета налогов,Санкт-Петербург
Senior Python Developer,3–6 лет,з/п не указана,Алматы
Автор проверочного кода (Python/C++) на курс С++ разработчик,1–3 года,з/п не указана,Москва
ML developer,более 6 лет,з/п не указана,Москва
Data Engineer,3–6 лет,з/п не указана,Москва
С/С++ Linux разработчик (remote),более 6 лет,до 8 000 USD до вычета налогов,Сиэтл
Middle Python Developer,1–3 года,з/п не указана,Москва
Data Scientist (Core),3–6 лет,з/п не указана,Сербия
Разработчик С/С++,1–3 года,от 100 000 до 200 000 руб. на руки,Санкт-Петербург
С/С++ Developer,3–6 лет,от 240 000 руб. на руки,Москва
Веб разработчик,1–3 года,от 150 000 руб. на руки,Новосибирск
Разработчик С/С++,1–3 года,от 100 000 до 200 000 руб. на руки,Москва
Middle Full Stack developer,1–3 года,от 130 000 руб. до вычета налогов,Новочеркасск
Преподаватель программирования,не требуется,з/п не указана,Ростов-на-Дону
Senior Data Analyst,3–6 лет,от 4 500 до 5 000 USD до вычета налогов,Москва
Full Stack developer (python+react/vue),1–3 года,з/п не указана,Ростов-на-Дону
Middle/Senior DevOps Engineer,1–3 года,от 230 000 руб. на руки,Москва
"Senior Backend Engineer (Remote, to Canada/USA)",более 6 лет,от 5 000 до 9 000 USD на руки,Москва
Linux DevOps Engineer,3–6 лет,з/п не указана,Тбилиси
Middle-Senior python developer / Boost team,3–6 лет,з/п не указана,Минск
TeamLead для команды разработки ПО,3–6 лет,от 90 000 до 150 000 руб. до вычета налогов,Москва
Middle разработчик нейросетевых алгоритмов / Reinforcement Learning,1–3 года,от 120 000 до 210 000 руб. до вычета налогов,Москва
Инженер-программист группы разработки,3–6 лет,от 60 000 до 110 000 руб. до вычета налогов,Иннополис
Senior python developer,3–6 лет,з/п не указана,Санкт-Петербург
DevOps Engineer (Middle/Senior),3–6 лет,з/п не указана,Москва
"Full stack разработчик Python, JavaScript",3–6 лет,з/п не указана,Москва
Senior DevOps Engineer (Yepp),3–6 лет,от 5 000 до 8 500 EUR на руки,Кипр
Архитектор - разработчик / Senior Python backend developer,3–6 лет,з/п не указана,Москва
Senior Python Developer,3–6 лет,з/п не указана,Екатеринбург
Middle/Senior Test Automation Engineer Python (Drivers),3–6 лет,з/п не указана,Москва
MLOps / SRE,3–6 лет,от 250 000 руб. на руки,Москва
Data engineer (Middle),1–3 года,з/п не указана,Москва
"Senior Backend Developer (Python, GO)",3–6 лет,з/п не указана,Кипр
Программист С++ Senior,3–6 лет,от 400 000 до 700 000 руб. на руки,Москва
Data Engineer (ETL Developer),3–6 лет,з/п не указана,Санкт-Петербург
Разработчик базы данных,3–6 лет,з/п не указана,Москва
Математик-программист,1–3 года,з/п не указана,Санкт-Петербург
DevOps engineer \ Девопс инженер (удалённо),3–6 лет,от 180 000 до 230 000 руб. на руки,Москва
Senior Python developer (remote/Serbia),3–6 лет,з/п не указана,Сербия
Разработчик интерфейсов (Программист на QT/PyQT),3–6 лет,от 150 000 до 200 000 руб. до вычета налогов,Москва
Senior Software Engineer,3–6 лет,от 400 000 до 700 000 руб. на руки,Москва
Разработчик ПО,1–3 года,от 100 000 руб. до вычета налогов,Москва
Tech Lead Python,3–6 лет,з/п не указана,Москва
Senior/Tech Lead Data Scientist (Computer vision),1–3 года,з/п не указана,Москва
"Middle/Senior Test Automation Engineer Python (OS, Drivers)",3–6 лет,з/п не указана,Новосибирск
Python Developer Senior / Tech Lead,3–6 лет,з/п не указана,Санкт-Петербург
ML разработчик Виртуальный ассистент(MTS AI),1–3 года,з/п не указана,Москва
Middle Python Developer / Data Engineer (Python) в команду ML Space Data Catalog,1–3 года,з/п не указана,Санкт-Петербург
Senior Python Developer (Hotel Box),3–6 лет,з/п не указана,Москва
"Middle/Senior Test Automation Engineer Python (OS, Drivers)",3–6 лет,з/п не указана,Нижний Новгород
Automation QA (Python),3–6 лет,з/п не указана,Москва
NLP - Разработчик,1–3 года,з/п не указана,Москва
Data Scientist,3–6 лет,з/п не указана,Москва
Специалист по автоматизации тестирования / QA Engineer,1–3 года,з/п не указана,Рязань
Фронтенд разработчик,3–6 лет,от 150 000 руб. на руки,Москва
Backend Engineer (Kotlin/C++/Python) at Joompay (to Lisbon),3–6 лет,от 330 000 руб. до вычета налогов,Москва
Frontend-разработчик,3–6 лет,з/п не указана,Алматы
Разработчик баз данных СУБД,3–6 лет,от 150 000 до 250 000 руб. на руки,Москва
Middle / Senior Python developer,1–3 года,з/п не указана,Москва
Senior QA Automation (Python),3–6 лет,з/п не указана,Москва
Lead Backend Engineer,3–6 лет,от 12 000 до 20 000 USD на руки,Москва
QA Automation Engineer (Python),1–3 года,з/п не указана,Москва
Senior Python Backend/Tech Lead (создание частного облака),3–6 лет,з/п не указана,Москва
Разработчик С++,1–3 года,от 100 000 до 190 000 руб. на руки,Москва
Middle Web Developer (Python) remote,3–6 лет,з/п не указана,Москва
"Backend Разработчик Golang, PHP / Python (mid+/senior), удаленно",3–6 лет,от 2 500 USD на руки,Санкт-Петербург
Data Engineer направления разработки витрин данных,1–3 года,з/п не указана,Москва
Full-stack developer (Python + React),3–6 лет,з/п не указана,Москва
С++ разработчик (проект Поиск),1–3 года,з/п не указана,Москва
Backend-Developer Python (senior),3–6 лет,з/п не указана,Москва
Аналитик-разработчик в «Безопасный интернет»,1–3 года,з/п не указана,Москва
Senior python developer [IoT HUB],1–3 года,з/п не указана,Москва
Data Engineer (Python),1–3 года,з/п не указана,Тбилиси
Инженер DevOps,1–3 года,з/п не указана,Москва
Разработчик алгоритмов CV,не требуется,з/п не указана,Москва
Senior Python Developer,более 6 лет,з/п не указана,ОАЭ
Разработчик нейронных сетей,1–3 года,до 100 000 руб. на руки,Москва
Algorithm Developer,1–3 года,з/п не указана,Moscow
Python/PL SQL Developer,1–3 года,з/п не указана,Москва
Middle/Senior Python Developer (Platform Virtualization),3–6 лет,з/п не указана,Москва
"Python-разработчик (Django, DRF)",3–6 лет,от 60 000 до 220 000 руб. на руки,Москва
Junior Программист/Разработчик Python,1–3 года,от 60 000 руб. на руки,Новосибирск
Программист-разработчик (Python),1–3 года,от 60 000 до 70 000 руб. на руки,Красноярск
Back-end разработчик (Python),1–3 года,з/п не указана,Пермь
Python developer,3–6 лет,з/п не указана,Санкт-Петербург
Python программист (Удаленно),1–3 года,до 100 000 руб. до вычета налогов,Москва
Разработчик Python,1–3 года,до 30 000 руб. на руки,Москва
Программист,1–3 года,от 70 000 руб. до вычета налогов,Москва
Python Junior,1–3 года,от 40 000 до 50 000 руб. до вычета налогов,Балашиха
Аналитик данных/Разработчик python,1–3 года,з/п не указана,Москва
Программист Python,1–3 года,до 300 000 руб. на руки,Москва
Junoir backend developer (Python),не требуется,до 60 000 руб. до вычета налогов,Санкт-Петербург
Программист Python (Django),1–3 года,з/п не указана,Минск
Python (Django) разработчик,1–3 года,з/п не указана,Москва
Программист Python Junior (Jun-Mid),1–3 года,от 90 000 до 120 000 руб. до вычета налогов,Москва
Разработчик Python,1–3 года,з/п не указана,Москва
"Web Developer (Python, JavaScript)",1–3 года,з/п не указана,Москва
Backend ГИС разработчик,1–3 года,з/п не указана,Москва
SQL-разработчик,3–6 лет,до 110 000 руб. на руки,Москва
DevOps Engineer,1–3 года,от 250 000 руб. на руки,Москва
Специалист-математик (data science),1–3 года,от 60 000 до 100 000 руб. на руки,Магнитогорск
"Разработчик SQL / Аналитик (Data Management, BigData BI)",1–3 года,з/п не указана,Санкт-Петербург
Junior C++ разработчик алгоритмов геометрического моделирования,не требуется,от 40 000 до 70 000 руб. на руки,Новосибирск
QA Intern - Automation testing,не требуется,з/п не указана,Алматы
Automation QA Specialist,1–3 года,з/п не указана,Санкт-Петербург
Программист C/C++,3–6 лет,з/п не указана,Санкт-Петербург
Разработчик Power BI,1–3 года,з/п не указана,Москва
SQL разработчик,1–3 года,з/п не указана,Москва
Разработчик NLP,не требуется,з/п не указана,Екатеринбург
Senior Backend developer,3–6 лет,от 230 000 до 380 000 руб. до вычета налогов,Санкт-Петербург
QA Intern - Automation testing,не требуется,з/п не указана,Баку
Backend Node.js разрабочик со знанием python,более 6 лет,от 200 000 до 500 000 руб. на руки,Астана
Ведущий программист-тестировщик (DevOps Engineer),3–6 лет,от 120 000 до 190 000 руб. до вычета налогов,Санкт-Петербург
Инженер-программист,1–3 года,з/п не указана,Тольятти
Full-stack developer,3–6 лет,от 250 000 руб. до вычета налогов,Москва
Инженер по автоматизированному тестированию (Python),3–6 лет,от 210 000 руб. до вычета налогов,Нижний Новгород
Преподаватель программирования,1–3 года,от 40 000 руб. до вычета налогов,Астрахань
Старший разработчик (Ruby),1–3 года,з/п не указана,Казань
"Team lead, ML направление",более 6 лет,з/п не указана,Москва
Your start in IT - QA Automation Training to become an Automation QA Intern,не требуется,з/п не указана,Ташкент
Инженер по нагрузочному тестированию,1–3 года,з/п не указана,Москва
Senior Go/C++,не требуется,з/п не указана,Москва
Преподаватель программирования в онлайн-школу для детей (удаленно),1–3 года,от 25 000 до 55 000 руб. на руки,Санкт-Петербург
Программист JS,1–3 года,от 115 000 до 220 000 руб. до вычета налогов,Ярославль
Тьютор/Программист - Преподаватель в школу программирования (очные занятия),1–3 года,от 40 000 до 75 000 руб. на руки,Москва
Ведущий инженер-программист (разрабатывающее подразделение 5),3–6 лет,до 300 000 руб. на руки,Москва
QA Intern - Automation testing,не требуется,з/п не указана,Астана
Программист C/C++,1–3 года,з/п не указана,Москва
Инженер-программист C/C++ (Embedded linux),3–6 лет,от 150 000 до 300 000 руб. на руки,Москва
Программист С++,3–6 лет,з/п не указана,Санкт-Петербург
Data Scientist (Core),3–6 лет,з/п не указана,Армения
Разработчик SAS,1–3 года,з/п не указана,Москва
Инженер-программист,более 6 лет,от 90 000 руб. на руки,Красноярск
Data analyst (Tableau),3–6 лет,от 1 500 до 3 500 EUR на руки,Тбилиси
Системный администратор/DevOps (Linux),3–6 лет,от 170 000 руб. на руки,Москва
Бэкенд-разработчик (Ruby on Rails),1–3 года,з/п не указана,Москва
Fullstack разработчик (фронтенд + бэкенд),3–6 лет,от 250 000 руб. до вычета налогов,Москва
Junior DevOps,1–3 года,до 200 000 руб. до вычета налогов,Москва
"Разработчик Qt/C++ (Windows, Android)",1–3 года,от 150 000 руб. на руки,Москва
Backend-разработчик,1–3 года,от 200 000 руб. на руки,Москва
Reverse Engineer,3–6 лет,от 2 000 до 3 500 USD на руки,Санкт-Петербург
DevOps engineer,1–3 года,з/п не указана,Нижний Новгород
PHP Backend developer,3–6 лет,от 200 000 руб. на руки,Санкт-Петербург
Senior Python Backend Developer (to Cyprus),3–6 лет,з/п не указана,Кипр
"Веб VoIP инженер (SIP, Asterisk, Kamailio)",3–6 лет,от 5 000 USD на руки,Москва
Разработчик встраиваемого/бортового ПО (C++),3–6 лет,от 180 000 до 220 000 руб. на руки,Москва
Senior back-end developer (remotely),более 6 лет,з/п не указана,Москва
DevOps\SRE engineer,3–6 лет,до 260 000 руб. на руки,Москва
Разработчик Qt/C++,1–3 года,от 200 000 руб. на руки,Москва
C++ Gameplay Developer,1–3 года,з/п не указана,Минск
Разработчик С++ (Back-end/CCTV/IPTV/OTT),3–6 лет,з/п не указана,Москва
Системный аналитик,3–6 лет,от 180 000 руб. на руки,Москва
"Junior Game Developer (Cocos Creator, TypeScript, JavaScript, C++, Unity)",1–3 года,от 50 000 до 75 000 руб. на руки,Новосибирск
DilOS (illumos based) developer,3–6 лет,з/п не указана,Москва
AWS Data Engineer,3–6 лет,з/п не указана,Москва
Инженер-программист,1–3 года,з/п не указана,Нижний Новгород
Team Lead of Data Analysts,3–6 лет,з/п не указана,Пермь
Jun+/mid- backend-разработчик (Golang),1–3 года,з/п не указана,Москва
"Веб VoIP инженер (SIP, Asterisk, Kamailio)",3–6 лет,от 5 000 USD на руки,Санкт-Петербург
Unity Developer,1–3 года,от 100 000 руб. на руки,Москва
Разработчик ETL,1–3 года,з/п не указана,Казань
Senior Golang Developer,более 6 лет,з/п не указана,Москва
BI Developer,3–6 лет,з/п не указана,Москва
Программист С++/Qt,3–6 лет,до 150 000 руб. до вычета налогов,Москва
Системный администратор \ DEVOPS инженер,1–3 года,от 50 000 до 90 000 руб. на руки,Магнитогорск
Аналитик информационных систем,1–3 года,до 130 000 руб. на руки,Санкт-Петербург
DIOps Engineer (Минск),1–3 года,з/п не указана,Минск
Senior Go Developer,3–6 лет,до 1 300 000 KZT на руки,Алматы
"Lead / Senior C# разработчик (.net, back-end)",3–6 лет,до 400 000 руб. на руки,Москва
Junior C++ Developer/Начинающий программист С++,не требуется,до 120 000 руб. на руки,Москва
Продуктовый аналитик/Product Analyst,3–6 лет,з/п не указана,Москва
DevOPS / SRE Engineer,3–6 лет,от 4 500 до 6 000 USD на руки,Тбилиси
C++ разработчик алгоритмов геометрического моделирования,3–6 лет,от 75 000 до 140 000 руб. на руки,Новосибирск
Data Scientist (Почта),1–3 года,з/п не указана,Москва
Программист-математик,3–6 лет,з/п не указана,Москва
Инженер-программист,1–3 года,от 120 000 руб. на руки,Москва
Программист,более 6 лет,от 200 000 руб. до вычета налогов,Москва
Аналитик данных,1–3 года,от 70 000 до 105 000 руб. на руки,Москва
Data Scientist,1–3 года,з/п не указана,Москва
Инженер-программист,1–3 года,з/п не указана,Санкт-Петербург
Ведущий разработчик программного обеспечения,3–6 лет,от 150 000 руб. на руки,Москва
"DevOps engineer (проект ""Профкон/Сберброкер"")",1–3 года,з/п не указана,Москва
С++ разработчик (High load),3–6 лет,з/п не указана,Москва
"Software Engineer (C/C++, DDoS)",3–6 лет,з/п не указана,Москва
Backend разработчик,3–6 лет,от 80 000 руб. до вычета налогов,Санкт-Петербург
Тестировщик,1–3 года,от 70 000 до 100 000 руб. на руки,Москва
Тестировщик web-приложений,1–3 года,з/п не указана,Ташкент
Backend разработчик Node.js,3–6 лет,з/п не указана,Москва
Backend Developer (Middle/Senior),1–3 года,з/п не указана,Йошкар-Ола
QA Engineer NGFW,1–3 года,з/п не указана,Новосибирск
Преподаватель IT-дисциплин,не требуется,до 120 000 руб. до вычета налогов,Москва
Ведущий системный аналитик,3–6 лет,до 300 000 руб. на руки,Москва
DevOps Engineer,3–6 лет,з/п не указана,Армения
Senior Marketing Analyst / Старший маркетинговый аналитик (Remote),3–6 лет,от 200 000 руб. на руки,Москва
Разработчик ETL,3–6 лет,з/п не указана,Ижевск
Embedded программист С++,1–3 года,з/п не указана,Санкт-Петербург
Senior DevOps Engineer - Automation (to Canada/Serbia),более 6 лет,от 8 000 USD до вычета налогов,Санкт-Петербург
Руководитель группы разработки,1–3 года,от 180 000 руб. до вычета налогов,Москва
DevOps engineer,3–6 лет,з/п не указана,Москва
Go (Golang) Backend Developer,1–3 года,з/п не указана,Казань
Data инженер,1–3 года,з/п не указана,Иркутск
Senior PHP Developer,3–6 лет,от 180 000 руб. на руки,Москва
"Инженер-разработчик Data Science (проект ""Лента"")",3–6 лет,з/п не указана,Санкт-Петербург
Аналитик-программист / Аналитик BI (Веб-аналитик),1–3 года,з/п не указана,Екатеринбург
PHP Developer,1–3 года,от 60 000 до 200 000 руб. на руки,Севастополь
DevOps Engineer (CI/CD),1–3 года,з/п не указана,Казань
QA-Тестировщик senior (удаленно),1–3 года,от 100 000 руб. на руки,Москва
Программист-математик С++ (робототехника),3–6 лет,з/п не указана,Москва
Back-end разработчик,3–6 лет,от 100 000 до 200 000 руб. на руки,Ростов-на-Дону
Senior Java/Kotlin разработчик (eCom),более 6 лет,до 6 000 USD до вычета налогов,Тбилиси
Системный архитектор,3–6 лет,от 400 000 руб. на руки,Москва
Разработчик (GoLang),1–3 года,з/п не указана,Санкт-Петербург
"Разработчик golang, Ozon Fresh",1–3 года,з/п не указана,Москва
Инженер-программист Linux C++/Qt (Сектор прикладных разработок),3–6 лет,з/п не указана,Москва
Программист микроконтроллеров / встраиваемых систем / Математик,не требуется,от 100 000 руб. на руки,Москва
Разработчик SQL,1–3 года,до 120 000 руб. на руки,Москва
C++ разработчик платформы UGC,3–6 лет,з/п не указана,Москва
Разработчик бортовых алгоритмов,более 6 лет,з/п не указана,Москва
DevOps инженер (Synapse),1–3 года,з/п не указана,Москва
Senior Data Science Developer,3–6 лет,з/п не указана,Ташкент
Backend-разработчик PHP (middle/senior),более 6 лет,от 150 000 до 300 000 руб. на руки,Москва
DevOps Engineer (CI/CD),1–3 года,з/п не указана,Новосибирск
"Senior Tools Programmer (UE4, С++)",3–6 лет,з/п не указана,Санкт-Петербург
DWH Developer,3–6 лет,з/п не указана,Санкт-Петербург
Инженер-тестировщик ПО,1–3 года,от 100 000 до 150 000 руб. на руки,Москва
Senior RPA developer,1–3 года,з/п не указана,Алматы
"Инженер по нагрузочному тестированию, QA",3–6 лет,з/п не указана,Москва
Data Engineer,1–3 года,з/п не указана,Москва
Системный архитектор / системный аналитик,3–6 лет,от 2 500 бел. руб. на руки,Минск
Web-программист,3–6 лет,от 50 000 руб. на руки,Нижний Новгород
Системный инженер в инфраструĸтурную группу (DevOps),1–3 года,з/п не указана,Москва
Маркетинговый аналитик / UA Analyst,1–3 года,з/п не указана,Москва
Математик - программист технической поддержки ПО,1–3 года,з/п не указана,Новосибирск
ML/CV engineers for Image/Video enhancement tasks,не требуется,з/п не указана,Москва
Инженер DevOps / системный администратор,более 6 лет,до 110 000 руб. на руки,Екатеринбург
Senior Java/Kotlin разработчик (eCom),более 6 лет,до 6 000 USD до вычета налогов,Армения
C++ разработчик платформы UGC,3–6 лет,з/п не указана,Санкт-Петербург
DevOps инженер,1–3 года,з/п не указана,Санкт-Петербург
Devops - engineer,1–3 года,з/п не указана,Санкт-Петербург
Инженер-программист,1–3 года,з/п не указана,Москва
DevOps инженер (remote),1–3 года,з/п не указана,Москва
Frontend - разработчик на проект DATAPK (angular),3–6 лет,з/п не указана,Екатеринбург
Middle DevSecOps / Application security инженер,1–3 года,з/п не указана,Москва
Разработчик алгоритмов баллистико-навигационного обеспечения,3–6 лет,з/п не указана,Москва
Инженер по портированию Linux (OpenBMC),3–6 лет,з/п не указана,деревня Румянцево
"Руководитель группы разработки, Tech Lead команды Audiogram (MTS AI)",более 6 лет,з/п не указана,Москва
Инженер ПЛИС (Verilog/System Verilog),1–3 года,до 150 000 руб. на руки,Санкт-Петербург
Инженер-физик,1–3 года,з/п не указана,Санкт-Петербург
Игровой аналитик (продуктовый аналитик),1–3 года,з/п не указана,Петрозаводск
Robotics Software Engineer,3–6 лет,з/п не указана,Дубай
Разработчик на С++,3–6 лет,з/п не указана,Новосибирск
DevOps инженер,1–3 года,з/п не указана,Москва
Senior Data Scientist (Computer Vision),более 6 лет,з/п не указана,Москва
Преподаватель в школу программирования,1–3 года,з/п не указана,Семей
"Flutter разработчик, Full stack",1–3 года,от 150 000 до 250 000 руб. на руки,Санкт-Петербург
DevOps Engineer,3–6 лет,з/п не указана,Москва
Инженер по внедрению и техподдержке телекоммуникационного биллинга,1–3 года,до 150 000 руб. на руки,Зеленоград
Ведущий программист RTOS,1–3 года,з/п не указана,Москва
DevOps - инженер,1–3 года,з/п не указана,Москва
Инженер-разработчик/программист,1–3 года,от 30 000 руб. на руки,Волгоград
Программист,3–6 лет,з/п не указана,Зеленоград
DataBase Administrator (Минск),1–3 года,з/п не указана,Минск
PHP Developer / PHP Разработчик,3–6 лет,от 150 000 до 300 000 руб. на руки,Москва
Старший инженер-программист Linux C++ (Qt),3–6 лет,з/п не указана,Москва
Middle Javascript Vue UI/UX разработчик с навыками backend (node.js / nest.js),3–6 лет,от 140 000 до 250 000 руб. на руки,Санкт-Петербург
Cистемный программист C/C++ (Middle/Senior),1–3 года,з/п не указана,Москва
Аналитик Power BI/ ETL- разработчик,3–6 лет,от 230 000 до 230 000 руб. до вычета налогов,Москва
DevOps Engineer,3–6 лет,з/п не указана,Москва
Senior/Middle ML разработчик TTS (MTS AI),3–6 лет,з/п не указана,Москва
QA Engineer/Инженер по тестированию (решения видеонаблюдения/CCTV),1–3 года,з/п не указана,Москва
Site Reliability Engineer (to Canada/Serbia),более 6 лет,от 8 000 USD до вычета налогов,Москва
"Ведущий специалист по анализу данных в команду ""ДОМ"" (работа в РФ)",3–6 лет,з/п не указана,Москва
Разработчик ETL (Hadoop/Spark),1–3 года,з/п не указана,Москва
Инженер по тестированию (программно-аппаратные комплексы),1–3 года,з/п не указана,Санкт-Петербург
Руководитель отдела IT / Teamlead,3–6 лет,от 180 000 до 220 000 руб. на руки,Москва
С++ разработчик,более 6 лет,з/п не указана,Москва
Старший системный аналитик,3–6 лет,з/п не указана,Москва
DevOps инженер,3–6 лет,з/п не указана,Москва
Senior/Middle ML Developer NLP (MTS AI),3–6 лет,з/п не указана,Москва
DevOps инженер [IoT Platform],1–3 года,з/п не указана,Санкт-Петербург
Разработчик С# (продукт RU DATA),1–3 года,з/п не указана,Москва
Senior QA Engineer AI/ML (to Armenia / Portugal),1–3 года,з/п не указана,Москва
"Стажер в команду разработки, группа технологического консалтинга (разработчик ABAP)",не требуется,з/п не указана,Москва
Преподаватель IT предметов,1–3 года,з/п не указана,Астана
Системный аналитик продукта Naumen SAM,1–3 года,з/п не указана,Москва
Automation QA engineer Middle,1–3 года,з/п не указана,Тбилиси
Аналитик SQL,1–3 года,з/п не указана,Санкт-Петербург
Системный аналитик (применение моделей ML),1–3 года,з/п не указана,Москва
Product Owner in QA,более 6 лет,от 5 500 до 7 200 USD до вычета налогов,Москва
Middle / Senior QA инженер,3–6 лет,з/п не указана,Москва
L1 operations engineer,1–3 года,з/п не указана,Оренбург
ML-разработчик в Яндекс Картинки,3–6 лет,з/п не указана,Москва
Senior Game Designer (Economy & Balance),3–6 лет,з/п не указана,Санкт-Петербург
QA-инженер,1–3 года,з/п не указана,Москва
SRE - инженер,3–6 лет,з/п не указана,Санкт-Петербург
Senior Java Developer,3–6 лет,от 3 500 до 5 700 EUR до вычета налогов,София
"Lead Software Engineer (C/C++, CDN)",3–6 лет,з/п не указана,Москва
Системный инженер (System Engineer) Грейда - Middle,3–6 лет,з/п не указана,Москва
IT Database Engineer,более 6 лет,з/п не указана,Новосибирск
Senior Software engineer C++/Старший разработчик С++,3–6 лет,з/п не указана,Москва
Инженер по сопровождению АС SAST/SALM,1–3 года,з/п не указана,Москва
DevOps middle / senior,3–6 лет,з/п не указана,Москва
Аналитик SQL,1–3 года,з/п не указана,Москва
Ведущий программист (team lead),3–6 лет,з/п не указана,Москва
Программист-исследователь в отдел R&D,не требуется,з/п не указана,Москва
Аналитик отдела внедрения,3–6 лет,от 180 000 руб. до вычета налогов,Москва
DevOps Cloud Architect,более 6 лет,з/п не указана,город Лимасол
C++ Developer (Telecom) / Старший инженер-программист (C++),3–6 лет,з/п не указана,Москва
Ведущий разработчик BI,3–6 лет,з/п не указана,Екатеринбург
Системный администратор (инфраструктурные проекты),1–3 года,з/п не указана,Москва
DWH Разработчик,1–3 года,з/п не указана,Москва
Senior System Analyst,3–6 лет,з/п не указана,Москва
PHP-разработчик,1–3 года,от 300 000 KZT на руки,Алматы
Senior JS Developer (Cyprus),3–6 лет,з/п не указана,Санкт-Петербург
Ведущий программист базы данных,3–6 лет,з/п не указана,Москва
DevOps Middle Engineer,1–3 года,з/п не указана,Астана
Senior Fraud Analyst,3–6 лет,з/п не указана,Минск
Senior Java разработчик (Hospitality),3–6 лет,до 5 000 USD до вычета налогов,Тбилиси
Ведущий Back-end разработчик,3–6 лет,от 200 000 до 260 000 руб. на руки,Москва
Разработчик C++ в доставку почты (remote),3–6 лет,з/п не указана,Москва
Менеджер по аналитике,1–3 года,до 175 000 руб. до вычета налогов,Москва
C# Developer,3–6 лет,з/п не указана,Москва
Middle Perl Developer,3–6 лет,з/п не указана,Санкт-Петербург
Администратор баз данных (DBA) PostgreSQL,1–3 года,до 200 000 руб. на руки,Москва
"QA Engineer, middle",3–6 лет,з/п не указана,Москва
Тестировщик ПО/QA- Engineer,1–3 года,з/п не указана,Москва
Технический писатель,3–6 лет,з/п не указана,Москва
Инженер-программист C/C++ (C/C++ Embedded Junior/Middle Developer),1–3 года,з/п не указана,Новосибирск
Backend Senior/Tech Lead/Технический директор/Руководитель разработки,3–6 лет,от 350 000 руб. на руки,Санкт-Петербург
"Senior Full-stack Engineer, RAVE Tooling (Mapping Tools)",3–6 лет,з/п не указана,Минск
Руководитель отдела разработки ПО,3–6 лет,з/п не указана,Санкт-Петербург
Software Architect Python,более 6 лет,з/п не указана,Москва
Senior Product / Web Analyst,3–6 лет,з/п не указана,Тбилиси
Инженер-программист С++ (проект REGUL),3–6 лет,з/п не указана,Омск
Риск-технолог отдела кредитных технологий (разработчик стратегии SAS RTDM),1–3 года,з/п не указана,Москва
Разработчик ClickHouse,1–3 года,з/п не указана,Москва
PHP-разработчик (senior),3–6 лет,з/п не указана,Санкт-Петербург
DevOps Engineer,1–3 года,з/п не указана,Тбилиси
Senior QA Engineer,3–6 лет,з/п не указана,Алматы
Технический лидер ArangoDB,3–6 лет,з/п не указана,Москва
Frontend-разработчик (angular),1–3 года,з/п не указана,Санкт-Петербург
Web-разработчик (full stack),3–6 лет,з/п не указана,Москва
Специалист службы поддержки с техническими знаниями (Контест),не требуется,от 15 000 до 40 000 руб. на руки,Хабаровск
PHP Developer / PHP-разработчик (senior),3–6 лет,з/п не указана,Москва
Программист-разработчик баз данных,3–6 лет,з/п не указана,Южно-Сахалинск
Специалист службы поддержки с техническими знаниями (Контест),не требуется,от 15 000 до 40 000 руб. на руки,Липецк
Java Разработчик,1–3 года,з/п не указана,Москва
Middle DevOps / Системный администратор,3–6 лет,з/п не указана,Москва
Технические писатель (Аналитик),3–6 лет,от 100 000 руб. до вычета налогов,Москва
Стажер-тестировщик,не требуется,з/п не указана,Казань
Программист / ведущий проектов,1–3 года,от 100 000 руб. на руки,Екатеринбург
Инженер по тестированию (речевая аналитика),3–6 лет,з/п не указана,Санкт-Петербург
Системный аналитик,1–3 года,от 120 000 руб. на руки,Москва
Специалист службы поддержки с техническими знаниями (Контест),не требуется,от 15 000 до 40 000 руб. на руки,Санкт-Петербург
Старший продуктовый аналитик (VK ID),1–3 года,з/п не указана,Санкт-Петербург
Senior Developer С/С++,3–6 лет,з/п не указана,Москва
Аналоговый схемотехник (SerDes),более 6 лет,з/п не указана,Санкт-Петербург
Специалист службы поддержки с техническими знаниями (Контест),не требуется,от 15 000 до 40 000 руб. на руки,Саратов
DevSecOps/Security engineer,1–3 года,з/п не указана,Новосибирск
Technical Support Engineer,3–6 лет,з/п не указана,Москва
Специалист службы поддержки с техническими знаниями (Контест),не требуется,от 15 000 до 40 000 руб. на руки,Волгоград
Специалист службы поддержки с техническими знаниями (Контест),не требуется,от 15 000 до 40 000 руб. на руки,Краснодар
Аналитик в команду внедрения речевых технологий,1–3 года,з/п не указана,Москва
Lead DevOps Engineer,более 6 лет,з/п не указана,Санкт-Петербург
Linux-инженер в сектор коммуникационных систем,1–3 года,з/п не указана,Москва
Программист C++,1–3 года,от 50 000 руб. на руки,Томск
Инженер-программист С++ (проект REGUL),3–6 лет,з/п не указана,Пермь
Linux администратор,3–6 лет,до 120 000 руб. на руки,Санкт-Петербург
Senior QA Backend Full-Stack,3–6 лет,з/п не указана,Минск
Ведущий разработчик (VDI),3–6 лет,з/п не указана,Москва
Data Scientist,3–6 лет,з/п не указана,Минск
Инженер-программист микроконтроллеров,3–6 лет,з/п не указана,посёлок Шушары
ML-разработчик в группу синтеза речи,3–6 лет,з/п не указана,Москва
"Инженер по инфраструктуре, DevOps (интегратор, внедрение BI)",1–3 года,з/п не указана,Москва
Linux-инженер в сектор виртуализации,1–3 года,з/п не указана,Москва
Разработчик Java,1–3 года,з/п не указана,Санкт-Петербург
Linux Kernel Developer,1–3 года,з/п не указана,Москва
PHP-разработчик (Middle),1–3 года,от 150 000 руб. на руки,Краснодар
Senior SRE (to Cyprus),3–6 лет,з/п не указана,Кипр
"Middle/Senior Data-аналитик команды ""Управление жизненным циклом клиента""",1–3 года,з/п не указана,Москва
Ведущий сетевой инженер-исследователь,3–6 лет,от 100 000 руб. на руки,Москва
Системный архитектор,3–6 лет,з/п не указана,Москва
Bitrix разработчик (Senior),3–6 лет,от 200 000 руб. на руки,Москва
Системный аналитик,1–3 года,з/п не указана,Москва
Специалист службы поддержки с техническими знаниями (Контест),не требуется,от 15 000 до 40 000 руб. на руки,Уфа
Специалист службы поддержки с техническими знаниями (Контест),не требуется,от 15 000 до 40 000 руб. на руки,Воронеж
Специалист по Data Science,3–6 лет,от 76 967 до 76 967 руб. на руки,Набережные Челны
Разработчик ETL\DWH (id9725),1–3 года,з/п не указана,Москва
Programming Team Lead (С++),3–6 лет,з/п не указана,Москва
Team lead / Ведущий разработчик С++,3–6 лет,з/п не указана,Москва
Senior product analyst,3–6 лет,з/п не указана,Москва
Специалист службы поддержки с техническими знаниями (Контест),не требуется,от 15 000 до 40 000 руб. на руки,Нижний Новгород
Data engineer,1–3 года,з/п не указана,Москва
Администратор баз данных (DBA),1–3 года,з/п не указана,Москва
Инженер-программист АСУ ТП,1–3 года,до 235 000 руб. на руки,Краснодар
Специалист службы поддержки с техническими знаниями (Контест),не требуется,от 15 000 до 40 000 руб. на руки,Оренбург
Программист микроконтроллеров,1–3 года,от 50 000 до 65 000 руб. до вычета налогов,Санкт-Петербург
Специалист службы поддержки с техническими знаниями (Контест),не требуется,от 15 000 до 40 000 руб. на руки,Иркутск
TeamLead (Java),3–6 лет,з/п не указана,Санкт-Петербург
Tableau BI Developer,1–3 года,з/п не указана,Тбилиси
Golang Developer (Уфа),3–6 лет,от 150 000 до 250 000 руб. на руки,Уфа
Инженер-программист АСУ ТП,1–3 года,до 235 000 руб. на руки,Саранск
Head of Analyst,3–6 лет,з/п не указана,Кипр
Сетевой/системный инженер,3–6 лет,от 100 000 руб. на руки,Санкт-Петербург
Специалист службы поддержки с техническими знаниями (Контест),не требуется,от 15 000 до 40 000 руб. на руки,Пермь
Старший инженер по администрированию цифровых платформ,1–3 года,з/п не указана,Алматы
Lead QA enginer (IoT platform),3–6 лет,з/п не указана,Санкт-Петербург
Разработчик Frontend React,1–3 года,з/п не указана,Нижний Новгород
DevOps Senior Engineer,3–6 лет,з/п не указана,Тбилиси
Программист отдела поддержки информационных систем,3–6 лет,от 120 000 руб. до вычета налогов,Краснодар
Team Lead/Senior Frontend разработчик,3–6 лет,з/п не указана,Москва
Web-аналитик,3–6 лет,з/п не указана,Москва
Senior Data Engineer - POI,более 6 лет,з/п не указана,Минск
DevOps/CI инженер в сервис мобильных приложений,3–6 лет,з/п не указана,Пермь
Back-End инженер (Рекомендательная система),3–6 лет,от 220 000 руб. до вычета налогов,Нижний Новгород
Продакт-менеджер,3–6 лет,до 300 000 руб. на руки,Москва
Тестировщик 1С,1–3 года,от 80 000 руб. на руки,Санкт-Петербург
Аналитик (направление речевых технологий),1–3 года,з/п не указана,Екатеринбург
C# / WPF разработчик GUI-приложений для управления лазерными станками,не требуется,от 60 000 руб. на руки,Новосибирск
Programming Team Lead (С++),3–6 лет,з/п не указана,Санкт-Петербург
Ведущий инженер-программист по разработке сетевого ПО,более 6 лет,з/п не указана,Москва
Старший аналитик,3–6 лет,з/п не указана,Санкт-Петербург
Build-Engineer,1–3 года,з/п не указана,Санкт-Петербург
Back-End инженер (Рекомендательная система),1–3 года,з/п не указана,Нижний Новгород
Системный инженер Linux,1–3 года,от 70 000 руб. до вычета налогов,Санкт-Петербург
Инженер HADOOP,1–3 года,з/п не указана,Санкт-Петербург
Продуктовый архитектор,3–6 лет,з/п не указана,Санкт-Петербург
QA mobile,1–3 года,з/п не указана,Кипр
Системный администратор (SysOps),1–3 года,з/п не указана,Ташкент
TeamLead - Senior Developer (Java),более 6 лет,з/п не указана,Москва
Senior Software Tester,более 6 лет,з/п не указана,Минск
Руководитель группы тестирования,3–6 лет,з/п не указана,Зеленоград
Инженер-программист в Банк,1–3 года,от 100 000 до 120 000 руб. на руки,Челябинск
Разработчик финансовой платформы в Доставку,1–3 года,з/п не указана,Санкт-Петербург
Ведущий специалист / Валидация моделей,1–3 года,з/п не указана,Москва
Full stack разработчик (виртуализация),3–6 лет,з/п не указана,Нижний Новгород
Руководитель направления предиктивной аналитики,3–6 лет,от 320 000 руб. до вычета налогов,Москва
Аналитик-маркетолог,3–6 лет,з/п не указана,Москва
Lead Fraud Analyst,1–3 года,з/п не указана,Санкт-Петербург
Архитектор ИТ-решений / Solution Architect,1–3 года,з/п не указана,Москва
Frontend React RAIC,3–6 лет,з/п не указана,Москва
Senior Verification Engineer,более 6 лет,з/п не указана,Зеленоград
Руководитель проекта (Цифровая платформа),3–6 лет,з/п не указана,Москва
